model,fpr,tpr,threshold
logistic_regression,0.0,0.0,inf
logistic_regression,0.0,0.0021413276231263384,0.9418805112104072
logistic_regression,0.0,0.021413276231263382,0.8560652891646201
logistic_regression,0.0007727975270479134,0.021413276231263382,0.8516694755603895
logistic_regression,0.0007727975270479134,0.023554603854389723,0.851280879254604
logistic_regression,0.0015455950540958269,0.023554603854389723,0.8509107412074368
logistic_regression,0.0015455950540958269,0.027837259100642397,0.8455954033726617
logistic_regression,0.0030911901081916537,0.027837259100642397,0.843063836394822
logistic_regression,0.0030911901081916537,0.04068522483940043,0.8360085181801874
logistic_regression,0.0038639876352395673,0.04068522483940043,0.8331956051553626
logistic_regression,0.0038639876352395673,0.05139186295503212,0.8279780312424241
logistic_regression,0.00463678516228748,0.05139186295503212,0.8265382837078864
logistic_regression,0.00463678516228748,0.057815845824411134,0.8216673264584243
logistic_regression,0.005409582689335394,0.057815845824411134,0.8196411904145063
logistic_regression,0.005409582689335394,0.06423982869379015,0.8176566653367635
logistic_regression,0.0061823802163833074,0.06423982869379015,0.8152908129570773
logistic_regression,0.0061823802163833074,0.0728051391862955,0.8108031052869424
logistic_regression,0.0077279752704791345,0.0728051391862955,0.8091740055031926
logistic_regression,0.0077279752704791345,0.09421841541755889,0.8000918798731227
logistic_regression,0.008500772797527048,0.09421841541755889,0.7981448672106998
logistic_regression,0.008500772797527048,0.10278372591006424,0.7935651760052035
logistic_regression,0.00927357032457496,0.10278372591006424,0.7934875446657005
logistic_regression,0.00927357032457496,0.10492505353319058,0.7909733228144397
logistic_regression,0.012364760432766615,0.10492505353319058,0.7883244671714846
logistic_regression,0.012364760432766615,0.10706638115631692,0.7879097322106254
logistic_regression,0.01313755795981453,0.10706638115631692,0.7866209200457489
logistic_regression,0.01313755795981453,0.10920770877944326,0.7854678340302638
logistic_regression,0.013910355486862442,0.10920770877944326,0.7811196390760082
logistic_regression,0.013910355486862442,0.11134903640256959,0.781090183988043
logistic_regression,0.014683153013910355,0.11134903640256959,0.7807837511426778
logistic_regression,0.014683153013910355,0.12419700214132762,0.7697882234738218
logistic_regression,0.015455950540958269,0.12419700214132762,0.7696633269861631
logistic_regression,0.015455950540958269,0.13062098501070663,0.7677181730466057
logistic_regression,0.01622874806800618,0.13062098501070663,0.7645685594532442
logistic_regression,0.01622874806800618,0.13276231263383298,0.7642948297267269
logistic_regression,0.017001545595054096,0.13276231263383298,0.7641695289595335
logistic_regression,0.017001545595054096,0.1349036402569593,0.7640346698772738
logistic_regression,0.01777434312210201,0.1349036402569593,0.7638674223703821
logistic_regression,0.01777434312210201,0.139186295503212,0.7632481682306996
logistic_regression,0.019319938176197836,0.139186295503212,0.7609117565307078
logistic_regression,0.019319938176197836,0.14346895074946467,0.7594397800140216
logistic_regression,0.02009273570324575,0.14346895074946467,0.759276983300059
logistic_regression,0.02009273570324575,0.16059957173447537,0.7496681949997341
logistic_regression,0.021638330757341576,0.16059957173447537,0.7455456149323978
logistic_regression,0.021638330757341576,0.1670235546038544,0.7440429215053959
logistic_regression,0.02241112828438949,0.1670235546038544,0.7438362618017019
logistic_regression,0.02241112828438949,0.16916488222698073,0.7433315919680606
logistic_regression,0.023183925811437404,0.16916488222698073,0.7430125098652915
logistic_regression,0.023183925811437404,0.17130620985010706,0.741516667721759
logistic_regression,0.023956723338485315,0.17130620985010706,0.7414035711998127
logistic_regression,0.023956723338485315,0.1734475374732334,0.7413784624122354
logistic_regression,0.02472952086553323,0.1734475374732334,0.7412190789011818
logistic_regression,0.02472952086553323,0.2012847965738758,0.7290910768567984
logistic_regression,0.025502318392581144,0.2012847965738758,0.7288184989893116
logistic_regression,0.025502318392581144,0.20342612419700215,0.7284844046120829
logistic_regression,0.02627511591962906,0.20342612419700215,0.7276014039466461
logistic_regression,0.02627511591962906,0.21627408993576017,0.7208116039952517
logistic_regression,0.027820710973724884,0.21627408993576017,0.7201819890285313
logistic_regression,0.027820710973724884,0.22698072805139186,0.717285139802771
logistic_regression,0.03168469860896445,0.22698072805139186,0.7132467638830091
logistic_regression,0.03168469860896445,0.2698072805139186,0.6998259937895853
logistic_regression,0.03245749613601236,0.2698072805139186,0.6970915850303785
logistic_regression,0.03245749613601236,0.2762312633832976,0.69558627813445
logistic_regression,0.03323029366306028,0.2762312633832976,0.6952895133051287
logistic_regression,0.03323029366306028,0.2826552462526767,0.6947217553191686
logistic_regression,0.0347758887171561,0.2826552462526767,0.694187893544297
logistic_regression,0.0347758887171561,0.2890792291220557,0.693327739363869
logistic_regression,0.03554868624420402,0.2890792291220557,0.693228609755666
logistic_regression,0.03554868624420402,0.2955032119914347,0.6896373001210244
logistic_regression,0.03632148377125193,0.2955032119914347,0.6891723869757348
logistic_regression,0.03632148377125193,0.29978586723768735,0.6884675398784335
logistic_regression,0.03709428129829984,0.29978586723768735,0.6883560648686503
logistic_regression,0.03709428129829984,0.3019271948608137,0.6869715648009309
logistic_regression,0.03786707882534776,0.3019271948608137,0.6864190923471905
logistic_regression,0.03786707882534776,0.3083511777301927,0.6830142468407577
logistic_regression,0.03941267387944358,0.3083511777301927,0.6818010887716269
logistic_regression,0.03941267387944358,0.3233404710920771,0.6765959928803137
logistic_regression,0.0401854714064915,0.3233404710920771,0.6755412603960567
logistic_regression,0.0401854714064915,0.32548179871520344,0.6746325872702092
logistic_regression,0.04095826893353941,0.32548179871520344,0.673125863635473
logistic_regression,0.04095826893353941,0.33190578158458245,0.6713423561112264
logistic_regression,0.04173106646058733,0.33190578158458245,0.6711230644608701
logistic_regression,0.04173106646058733,0.34475374732334046,0.6644884528902009
logistic_regression,0.04250386398763524,0.34475374732334046,0.664335566133308
logistic_regression,0.04250386398763524,0.3468950749464668,0.6622488124905583
logistic_regression,0.04404945904173107,0.3468950749464668,0.6618728574886699
logistic_regression,0.04404945904173107,0.3490364025695932,0.661207556956258
logistic_regression,0.04482225656877898,0.3490364025695932,0.6608405651437307
logistic_regression,0.04482225656877898,0.3533190578158458,0.6576859432967596
logistic_regression,0.04636785162287481,0.3533190578158458,0.655310313749672
logistic_regression,0.04636785162287481,0.3554603854389722,0.6550219184007797
logistic_regression,0.04791344667697063,0.3554603854389722,0.6543655167277178
logistic_regression,0.04791344667697063,0.35974304068522484,0.6527852773416433
logistic_regression,0.04945904173106646,0.35974304068522484,0.6518225141317423
logistic_regression,0.04945904173106646,0.3640256959314775,0.6507933359013074
logistic_regression,0.05100463678516229,0.3640256959314775,0.6495243743586465
logistic_regression,0.05100463678516229,0.36616702355460384,0.6493761053494663
logistic_regression,0.05409582689335394,0.36616702355460384,0.6457950309411102
logistic_regression,0.05409582689335394,0.37259100642398285,0.6407729739322748
logistic_regression,0.05564142194744977,0.37259100642398285,0.6388081372258105
logistic_regression,0.05564142194744977,0.3747323340471092,0.6386078520655042
logistic_regression,0.05795981452859351,0.3747323340471092,0.6334152640180881
logistic_regression,0.05795981452859351,0.37687366167023556,0.6332057759822317
logistic_regression,0.05873261205564142,0.37687366167023556,0.632744545783588
logistic_regression,0.05873261205564142,0.38329764453961457,0.6287224053958431
logistic_regression,0.06027820710973725,0.38329764453961457,0.6281554448022332
logistic_regression,0.06027820710973725,0.39186295503211993,0.6199052932849484
logistic_regression,0.061823802163833076,0.39186295503211993,0.6197763239757936
logistic_regression,0.061823802163833076,0.40471092077087795,0.6154061530552463
logistic_regression,0.0633693972179289,0.40471092077087795,0.6145857269645383
logistic_regression,0.0633693972179289,0.4089935760171306,0.6130519042336432
logistic_regression,0.06414219474497682,0.4089935760171306,0.6129561194921235
logistic_regression,0.06414219474497682,0.41541755888650966,0.6106323682504721
logistic_regression,0.06491499227202473,0.41541755888650966,0.6101176178373519
logistic_regression,0.06491499227202473,0.4197002141327623,0.6092290853602167
logistic_regression,0.06723338485316847,0.4197002141327623,0.6045969399898675
logistic_regression,0.06723338485316847,0.4282655246252677,0.6013656916515848
logistic_regression,0.06800618238021638,0.4282655246252677,0.6004029126951154
logistic_regression,0.06800618238021638,0.43254817987152033,0.5986933117533862
logistic_regression,0.0695517774343122,0.43254817987152033,0.5978780702015413
logistic_regression,0.0695517774343122,0.4475374732334047,0.5924686274729947
logistic_regression,0.07032457496136012,0.4475374732334047,0.5917987471271768
logistic_regression,0.07032457496136012,0.45610278372591007,0.5883888686416999
logistic_regression,0.07109737248840804,0.45610278372591007,0.5845790412162727
logistic_regression,0.07109737248840804,0.4582441113490364,0.5842876988630106
logistic_regression,0.07187017001545595,0.4582441113490364,0.5836268918136359
logistic_regression,0.07187017001545595,0.46466809421841543,0.5811947582683552
logistic_regression,0.07727975270479134,0.46466809421841543,0.5751679377365164
logistic_regression,0.07727975270479134,0.4668094218415418,0.5750530943411847
logistic_regression,0.080370942812983,0.4668094218415418,0.5708761912679592
logistic_regression,0.080370942812983,0.4689507494646681,0.5704171360200716
logistic_regression,0.08191653786707882,0.4689507494646681,0.5662093456116429
logistic_regression,0.08191653786707882,0.4753747323340471,0.5642561063883405
logistic_regression,0.08346213292117466,0.4753747323340471,0.5638777148258551
logistic_regression,0.08346213292117466,0.4817987152034261,0.558284332998804
logistic_regression,0.08578052550231839,0.4817987152034261,0.5568797728972139
logistic_regression,0.08578052550231839,0.48394004282655245,0.5537605992207958
logistic_regression,0.08809891808346214,0.48394004282655245,0.55279781448949
logistic_regression,0.08809891808346214,0.4860813704496788,0.5514651852195007
logistic_regression,0.08964451313755796,0.4860813704496788,0.5505257708636081
logistic_regression,0.08964451313755796,0.48822269807280516,0.5492059075808458
logistic_regression,0.09119010819165378,0.48822269807280516,0.5482058794912248
logistic_regression,0.09119010819165378,0.49464668094218417,0.5460562363940774
logistic_regression,0.09428129829984544,0.49464668094218417,0.5438813939335472
logistic_regression,0.09428129829984544,0.4989293361884368,0.5437357705701484
logistic_regression,0.09659969088098919,0.4989293361884368,0.542240561248678
logistic_regression,0.09659969088098919,0.5074946466809421,0.5389678212733101
logistic_regression,0.09814528593508501,0.5074946466809421,0.5382051746098578
logistic_regression,0.09814528593508501,0.5139186295503212,0.5356015403800698
logistic_regression,0.09969088098918083,0.5139186295503212,0.5307164300009856
logistic_regression,0.09969088098918083,0.5160599571734475,0.5305506054531371
logistic_regression,0.10046367851622875,0.5160599571734475,0.5304881819221604
logistic_regression,0.10046367851622875,0.5182012847965739,0.5303509137008685
logistic_regression,0.1035548686244204,0.5182012847965739,0.5274547805157654
logistic_regression,0.1035548686244204,0.5267665952890792,0.5226190492108411
logistic_regression,0.10741885625965997,0.5267665952890792,0.5186453960758486
logistic_regression,0.10741885625965997,0.5310492505353319,0.5175366232021308
logistic_regression,0.10896445131375579,0.5310492505353319,0.516632216523388
logistic_regression,0.10896445131375579,0.5353319057815846,0.5146551862554022
logistic_regression,0.10973724884080371,0.5353319057815846,0.5142554006523211
logistic_regression,0.10973724884080371,0.5417558886509636,0.5094872978910345
logistic_regression,0.11051004636785162,0.5417558886509636,0.5092323057315427
logistic_regression,0.11051004636785162,0.5481798715203426,0.507715111168709
logistic_regression,0.11128284389489954,0.5481798715203426,0.5076720644412713
logistic_regression,0.11128284389489954,0.550321199143469,0.5075193069566873
logistic_regression,0.11282843894899536,0.550321199143469,0.5070275731750719
logistic_regression,0.11282843894899536,0.5524625267665952,0.5059398262719876
logistic_regression,0.11360123647604328,0.5524625267665952,0.5057178182774558
logistic_regression,0.11360123647604328,0.5546038543897216,0.5046788997366746
logistic_regression,0.1143740340030912,0.5546038543897216,0.5022928188717783
logistic_regression,0.1143740340030912,0.556745182012848,0.5010446603110642
logistic_regression,0.11669242658423493,0.556745182012848,0.4993453440799559
logistic_regression,0.11669242658423493,0.5610278372591007,0.496633447375448
logistic_regression,0.11823802163833076,0.5610278372591007,0.49583034828942624
logistic_regression,0.11823802163833076,0.576017130620985,0.49013203245810383
logistic_regression,0.12442040185471406,0.576017130620985,0.48438662461512777
logistic_regression,0.12442040185471406,0.5781584582441114,0.48434039760128667
logistic_regression,0.125193199381762,0.5781584582441114,0.4833215365361915
logistic_regression,0.125193199381762,0.582441113490364,0.48244162321075573
logistic_regression,0.12828438948995363,0.582441113490364,0.4791087711127168
logistic_regression,0.12828438948995363,0.5845824411134903,0.4774112567813157
logistic_regression,0.13292117465224113,0.5845824411134903,0.472547353866834
logistic_regression,0.13292117465224113,0.5867237687366167,0.4714288791887566
logistic_regression,0.13369397217928902,0.5867237687366167,0.4712174435937808
logistic_regression,0.13369397217928902,0.588865096359743,0.4686196671269647
logistic_regression,0.13446676970633695,0.588865096359743,0.4655736092960487
logistic_regression,0.13446676970633695,0.5931477516059958,0.46406820569108287
logistic_regression,0.1367851622874807,0.5931477516059958,0.46099535677034226
logistic_regression,0.1367851622874807,0.5974304068522484,0.4590576416201847
logistic_regression,0.13833075734157652,0.5974304068522484,0.4578003727870414
logistic_regression,0.13833075734157652,0.6038543897216274,0.4545858066793277
logistic_regression,0.14064914992272023,0.6038543897216274,0.4527134793125265
logistic_regression,0.14064914992272023,0.6081370449678801,0.4524396680909634
logistic_regression,0.14142194744976816,0.6081370449678801,0.4523251886239656
logistic_regression,0.14142194744976816,0.6102783725910065,0.452226587359464
logistic_regression,0.14219474497681608,0.6102783725910065,0.45108191556680416
logistic_regression,0.14219474497681608,0.6124197002141327,0.45072341497362345
logistic_regression,0.14296754250386398,0.6124197002141327,0.4472310163935919
logistic_regression,0.14296754250386398,0.6167023554603854,0.44424439249198544
logistic_regression,0.1445131375579598,0.6167023554603854,0.4411844799733716
logistic_regression,0.1445131375579598,0.6188436830835118,0.44108396016154083
logistic_regression,0.14528593508500773,0.6188436830835118,0.44070649704448694
logistic_regression,0.14528593508500773,0.6231263383297645,0.4406224452150108
logistic_regression,0.15069551777434312,0.6231263383297645,0.43707747238439904
logistic_regression,0.15069551777434312,0.6252676659528907,0.4363413558104526
logistic_regression,0.15301391035548687,0.6252676659528907,0.43618492452024743
logistic_regression,0.15301391035548687,0.6295503211991434,0.43432532648188427
logistic_regression,0.1545595054095827,0.6295503211991434,0.4324693433745817
logistic_regression,0.1545595054095827,0.6316916488222698,0.4322941200932079
logistic_regression,0.1561051004636785,0.6316916488222698,0.42952376389462726
logistic_regression,0.1561051004636785,0.6338329764453962,0.4272331304350054
logistic_regression,0.15687789799072643,0.6338329764453962,0.4252535971028489
logistic_regression,0.15687789799072643,0.6381156316916489,0.42479185113361817
logistic_regression,0.15842349304482226,0.6381156316916489,0.4220546658193272
logistic_regression,0.15842349304482226,0.6423982869379015,0.42130699258705057
logistic_regression,0.160741885625966,0.6423982869379015,0.41763341939174764
logistic_regression,0.160741885625966,0.6466809421841542,0.41596505975735015
logistic_regression,0.16228748068006182,0.6466809421841542,0.41550960697417805
logistic_regression,0.16228748068006182,0.6488222698072805,0.4138875380291096
logistic_regression,0.16306027820710975,0.6488222698072805,0.4132216454427947
logistic_regression,0.16306027820710975,0.6573875802997858,0.40935458228723287
logistic_regression,0.16537867078825347,0.6573875802997858,0.4081606857443534
logistic_regression,0.16537867078825347,0.6638115631691649,0.40581192275642614
logistic_regression,0.16692426584234932,0.6638115631691649,0.40473564024022185
logistic_regression,0.16692426584234932,0.6659528907922913,0.4039225278552366
logistic_regression,0.17078825347758886,0.6659528907922913,0.40114667553961314
logistic_regression,0.17078825347758886,0.6680942184154176,0.40031290394443003
logistic_regression,0.17156105100463678,0.6680942184154176,0.39976406500895856
logistic_regression,0.17156105100463678,0.6702355460385439,0.3985995618657181
logistic_regression,0.1723338485316847,0.6702355460385439,0.39833095551682735
logistic_regression,0.1723338485316847,0.6788008565310493,0.39652250739488437
logistic_regression,0.17387944358578053,0.6788008565310493,0.3936759756018044
logistic_regression,0.17387944358578053,0.6809421841541756,0.39161273876155533
logistic_regression,0.17697063369397217,0.6809421841541756,0.3883655429074827
logistic_regression,0.17697063369397217,0.683083511777302,0.38808139118796425
logistic_regression,0.18006182380216385,0.683083511777302,0.3861465102646348
logistic_regression,0.18006182380216385,0.6852248394004282,0.3840545985114058
logistic_regression,0.18238021638330756,0.6852248394004282,0.3823518066570075
logistic_regression,0.18238021638330756,0.6916488222698073,0.38079141265885424
logistic_regression,0.1901081916537867,0.6916488222698073,0.37121111559022146
logistic_regression,0.1901081916537867,0.6937901498929336,0.370553292453851
logistic_regression,0.19088098918083463,0.6937901498929336,0.37040913402172776
logistic_regression,0.19088098918083463,0.69593147751606,0.36987466650727435
logistic_regression,0.19165378670788252,0.69593147751606,0.3678853079209975
logistic_regression,0.19165378670788252,0.6980728051391863,0.36740828532484493
logistic_regression,0.19242658423493045,0.6980728051391863,0.3672128902311313
logistic_regression,0.19242658423493045,0.7002141327623126,0.36369714060210906
logistic_regression,0.19629057187017002,0.7002141327623126,0.3594146584309995
logistic_regression,0.19629057187017002,0.702355460385439,0.3577221443674599
logistic_regression,0.19938176197836166,0.702355460385439,0.35486158234081067
logistic_regression,0.19938176197836166,0.7044967880085653,0.3544175794686963
logistic_regression,0.20015455950540958,0.7044967880085653,0.3536126227070265
logistic_regression,0.20015455950540958,0.7066381156316917,0.35292614494931007
logistic_regression,0.2009273570324575,0.7066381156316917,0.3523372287539152
logistic_regression,0.2009273570324575,0.708779443254818,0.3521471117928732
logistic_regression,0.20247295208655333,0.708779443254818,0.3518621253317953
logistic_regression,0.20247295208655333,0.7130620985010707,0.3496967328415391
logistic_regression,0.20324574961360123,0.7130620985010707,0.34964220721486333
logistic_regression,0.20324574961360123,0.715203426124197,0.3487835947347597
logistic_regression,0.21020092735703247,0.715203426124197,0.3403649135375635
logistic_regression,0.21020092735703247,0.7194860813704497,0.33771985523189973
logistic_regression,0.21097372488408037,0.7194860813704497,0.33564552293574584
logistic_regression,0.21097372488408037,0.721627408993576,0.3349002949211881
logistic_regression,0.2132921174652241,0.721627408993576,0.33282252604100115
logistic_regression,0.2132921174652241,0.7237687366167024,0.3324661688146526
logistic_regression,0.21406491499227204,0.7237687366167024,0.3318881827833666
logistic_regression,0.21406491499227204,0.7259100642398287,0.3318051255020965
logistic_regression,0.21715610510046368,0.7259100642398287,0.3291733908978208
logistic_regression,0.21715610510046368,0.7301927194860813,0.3285904456112052
logistic_regression,0.21792890262751158,0.7301927194860813,0.3282564675117282
logistic_regression,0.21792890262751158,0.7323340471092077,0.32661844880844665
logistic_regression,0.21947449768160743,0.7323340471092077,0.3241345181960853
logistic_regression,0.21947449768160743,0.7366167023554604,0.3229076370748748
logistic_regression,0.22179289026275115,0.7366167023554604,0.3190052917502064
logistic_regression,0.22179289026275115,0.7451820128479657,0.31685510335592854
logistic_regression,0.22565687789799072,0.7451820128479657,0.3135848656110642
logistic_regression,0.22565687789799072,0.7473233404710921,0.31309255670992453
logistic_regression,0.22642967542503864,0.7473233404710921,0.31224750315185185
logistic_regression,0.22642967542503864,0.7494646680942184,0.31168983441697445
logistic_regression,0.2287480680061824,0.7494646680942184,0.3095319502401377
logistic_regression,0.2287480680061824,0.7516059957173448,0.3091941408386637
logistic_regression,0.2302936630602782,0.7516059957173448,0.30739497491255036
logistic_regression,0.2302936630602782,0.7580299785867237,0.3045221033185505
logistic_regression,0.23106646058732613,0.7580299785867237,0.3030476834822435
logistic_regression,0.23106646058732613,0.7623126338329764,0.3022612404055699
logistic_regression,0.23338485316846985,0.7623126338329764,0.2998993047339136
logistic_regression,0.23338485316846985,0.7644539614561028,0.29973379190287014
logistic_regression,0.23647604327666152,0.7644539614561028,0.2957029268771559
logistic_regression,0.23647604327666152,0.7665952890792291,0.2956168832000324
logistic_regression,0.23724884080370942,0.7665952890792291,0.2948635700368094
logistic_regression,0.23724884080370942,0.7687366167023555,0.29419029713729505
logistic_regression,0.23802163833075735,0.7687366167023555,0.29406604910085715
logistic_regression,0.23802163833075735,0.7708779443254818,0.2936046675845619
logistic_regression,0.23956723338485317,0.7708779443254818,0.29233668874162305
logistic_regression,0.23956723338485317,0.7751605995717344,0.29042119247624476
logistic_regression,0.24806800618238023,0.7751605995717344,0.2796832129626045
logistic_regression,0.24806800618238023,0.7794432548179872,0.27571731876170436
logistic_regression,0.2511591962905719,0.7794432548179872,0.2733648043771391
logistic_regression,0.2511591962905719,0.7880085653104925,0.2703005822193599
logistic_regression,0.2542503863987635,0.7880085653104925,0.26893080240947187
logistic_regression,0.2542503863987635,0.7901498929336188,0.26839379901217664
logistic_regression,0.25734157650695516,0.7901498929336188,0.2651830726585351
logistic_regression,0.25734157650695516,0.7944325481798715,0.2650606934837433
logistic_regression,0.2635239567233385,0.7944325481798715,0.2624019554340647
logistic_regression,0.2635239567233385,0.8029978586723768,0.2587539006611081
logistic_regression,0.2650695517774343,0.8029978586723768,0.256638683349027
logistic_regression,0.2650695517774343,0.8072805139186295,0.2549102437819998
logistic_regression,0.2697063369397218,0.8072805139186295,0.25153912293263503
logistic_regression,0.2697063369397218,0.8115631691648822,0.24894028168204094
logistic_regression,0.2758887171561051,0.8115631691648822,0.2437447486764886
logistic_regression,0.2758887171561051,0.8137044967880086,0.24253959451407242
logistic_regression,0.2820710973724884,0.8137044967880086,0.2347211233105758
logistic_regression,0.2820710973724884,0.815845824411135,0.2338129500300731
logistic_regression,0.28438948995363217,0.815845824411135,0.23326719102524143
logistic_regression,0.28438948995363217,0.8201284796573876,0.23283704251942605
logistic_regression,0.29057187017001546,0.8201284796573876,0.22806159038759474
logistic_regression,0.29057187017001546,0.8222698072805139,0.22804043170434832
logistic_regression,0.2928902627511592,0.8222698072805139,0.22715262538917755
logistic_regression,0.2928902627511592,0.8244111349036403,0.22683279930468417
logistic_regression,0.29520865533230295,0.8244111349036403,0.2244090594037359
logistic_regression,0.29520865533230295,0.8308351177730193,0.2234398312125544
logistic_regression,0.29675425038639874,0.8308351177730193,0.22295231806422897
logistic_regression,0.29675425038639874,0.8329764453961456,0.22254603165421982
logistic_regression,0.30525502318392583,0.8329764453961456,0.21467317651113227
logistic_regression,0.30525502318392583,0.8351177730192719,0.21414085883279493
logistic_regression,0.3068006182380216,0.8351177730192719,0.2128495429012918
logistic_regression,0.3068006182380216,0.8394004282655246,0.21215228746037076
logistic_regression,0.3091190108191654,0.8394004282655246,0.2089754297824592
logistic_regression,0.3091190108191654,0.841541755888651,0.2089172132538257
logistic_regression,0.31298299845440497,0.841541755888651,0.20554480595537075
logistic_regression,0.31298299845440497,0.8436830835117773,0.20528675303284943
logistic_regression,0.3160741885625966,0.8436830835117773,0.20376995151142815
logistic_regression,0.3160741885625966,0.8458244111349036,0.20335585522475932
logistic_regression,0.3276661514683153,0.8458244111349036,0.19717648523507392
logistic_regression,0.3276661514683153,0.8479657387580299,0.1970740050390873
logistic_regression,0.32998454404945904,0.8479657387580299,0.1953370569632789
logistic_regression,0.32998454404945904,0.8522483940042827,0.19520910465209354
logistic_regression,0.33075734157650694,0.8522483940042827,0.19455968477971297
logistic_regression,0.33075734157650694,0.8565310492505354,0.19291906693509334
logistic_regression,0.3315301391035549,0.8565310492505354,0.1920116253124165
logistic_regression,0.3315301391035549,0.8586723768736617,0.1917836848519211
logistic_regression,0.33539412673879443,0.8586723768736617,0.19038735557662462
logistic_regression,0.33539412673879443,0.860813704496788,0.18994524784925934
logistic_regression,0.339258114374034,0.860813704496788,0.18646831437027006
logistic_regression,0.339258114374034,0.8629550321199143,0.18627000626410584
logistic_regression,0.34234930448222567,0.8629550321199143,0.1844415571969777
logistic_regression,0.34234930448222567,0.8650963597430407,0.184354150757862
logistic_regression,0.34389489953632146,0.8650963597430407,0.1834668083896315
logistic_regression,0.34389489953632146,0.8693790149892934,0.18237393175304484
logistic_regression,0.34698608964451316,0.8693790149892934,0.17968843216175162
logistic_regression,0.34698608964451316,0.8715203426124197,0.1796186584589624
logistic_regression,0.3508500772797527,0.8715203426124197,0.17604017203426459
logistic_regression,0.3508500772797527,0.8736616702355461,0.17544244167122708
logistic_regression,0.3516228748068006,0.8736616702355461,0.17517777626454245
logistic_regression,0.3516228748068006,0.8822269807280514,0.17406380563744442
logistic_regression,0.35316846986089645,0.8822269807280514,0.17297731047766038
logistic_regression,0.35316846986089645,0.8843683083511777,0.1721405018757676
logistic_regression,0.3547140649149923,0.8843683083511777,0.17055648677259078
logistic_regression,0.3547140649149923,0.8865096359743041,0.17050193002639324
logistic_regression,0.36476043276661513,0.8865096359743041,0.16308236991805067
logistic_regression,0.36476043276661513,0.892933618843683,0.16061760526783284
logistic_regression,0.37094281298299847,0.892933618843683,0.15905272970451012
logistic_regression,0.37094281298299847,0.8950749464668094,0.1587244527900657
logistic_regression,0.37171561051004637,0.8950749464668094,0.1576728746717954
logistic_regression,0.37171561051004637,0.8993576017130621,0.15611998252725212
logistic_regression,0.3948995363214838,0.8993576017130621,0.14251189995984806
logistic_regression,0.3948995363214838,0.9014989293361885,0.14139253004964422
logistic_regression,0.3987635239567233,0.9014989293361885,0.1378760942738893
logistic_regression,0.3987635239567233,0.9036402569593148,0.13720333191379358
logistic_regression,0.4126738794435858,0.9036402569593148,0.12858687587576603
logistic_regression,0.4126738794435858,0.9057815845824411,0.12858313941611513
logistic_regression,0.41499227202472955,0.9057815845824411,0.12788379455112897
logistic_regression,0.41499227202472955,0.9079229122055674,0.12749544282196634
logistic_regression,0.41731066460587324,0.9079229122055674,0.12702333679138933
logistic_regression,0.41731066460587324,0.9100642398286938,0.12678196617053847
logistic_regression,0.42117465224111283,0.9100642398286938,0.12322421626576631
logistic_regression,0.42117465224111283,0.9122055674518201,0.12300841932398442
logistic_regression,0.4273570324574961,0.9122055674518201,0.11815684309970599
logistic_regression,0.4273570324574961,0.9143468950749465,0.1181120028189651
logistic_regression,0.42890262751159197,0.9143468950749465,0.11767769019006012
logistic_regression,0.42890262751159197,0.9164882226980728,0.11752447492316564
logistic_regression,0.43585780525502316,0.9164882226980728,0.11504539456901146
logistic_regression,0.43585780525502316,0.9207708779443254,0.11493892648724739
logistic_regression,0.44049459041731065,0.9207708779443254,0.11320186460220119
logistic_regression,0.44049459041731065,0.9229122055674518,0.1130241771502653
logistic_regression,0.4420401854714065,0.9229122055674518,0.11244634577647313
logistic_regression,0.4420401854714065,0.9250535331905781,0.111907701039171
logistic_regression,0.4428129829984544,0.9250535331905781,0.11152447777444437
logistic_regression,0.4428129829984544,0.9271948608137045,0.1105421103509797
logistic_regression,0.4528593508500773,0.9271948608137045,0.10568555462413701
logistic_regression,0.4528593508500773,0.9293361884368309,0.10534817515260209
logistic_regression,0.46754250386398766,0.9293361884368309,0.10000103621026542
logistic_regression,0.46754250386398766,0.9314775160599572,0.09974108538349163
logistic_regression,0.46831530139103555,0.9314775160599572,0.09912353752198844
logistic_regression,0.46831530139103555,0.9336188436830836,0.09861673774400848
logistic_regression,0.4714064914992272,0.9336188436830836,0.09747639367218056
logistic_regression,0.4714064914992272,0.9357601713062098,0.09734916442992465
logistic_regression,0.4775888717156105,0.9357601713062098,0.09531617674299293
logistic_regression,0.4775888717156105,0.9400428265524625,0.09449397185805149
logistic_regression,0.47836166924265844,0.9400428265524625,0.09443010630176114
logistic_regression,0.47836166924265844,0.9421841541755889,0.09332334783488011
logistic_regression,0.4806800618238022,0.9421841541755889,0.09135285343728411
logistic_regression,0.4806800618238022,0.9443254817987152,0.09115431581748684
logistic_regression,0.5069551777434312,0.9443254817987152,0.0812286483542277
logistic_regression,0.5069551777434312,0.9464668094218416,0.08075581575446293
logistic_regression,0.5139103554868625,0.9464668094218416,0.07831895357892271
logistic_regression,0.5139103554868625,0.9486081370449678,0.07769058250038485
logistic_regression,0.5224111282843895,0.9486081370449678,0.07381306230382123
logistic_regression,0.5224111282843895,0.9507494646680942,0.07376938118798551
logistic_regression,0.526275115919629,0.9507494646680942,0.07260154200207583
logistic_regression,0.526275115919629,0.9550321199143469,0.07210658015148584
logistic_regression,0.5293663060278208,0.9550321199143469,0.07085302885965747
logistic_regression,0.5293663060278208,0.9571734475374732,0.07055779338499715
logistic_regression,0.5309119010819165,0.9571734475374732,0.0703423588535198
logistic_regression,0.5309119010819165,0.9593147751605996,0.07033744621725856
logistic_regression,0.5316846986089645,0.9593147751605996,0.07022068952225098
logistic_regression,0.5316846986089645,0.9635974304068522,0.07003149670018682
logistic_regression,0.5486862442040186,0.9635974304068522,0.06563976769013875
logistic_regression,0.5486862442040186,0.9657387580299786,0.0655976269995004
logistic_regression,0.5494590417310664,0.9657387580299786,0.06416017128108438
logistic_regression,0.5494590417310664,0.9678800856531049,0.06393336431473792
logistic_regression,0.5540958268933539,0.9678800856531049,0.06181010314803192
logistic_regression,0.5540958268933539,0.9700214132762313,0.0617597228167001
logistic_regression,0.5579598145285936,0.9700214132762313,0.06056084557678215
logistic_regression,0.5579598145285936,0.9721627408993576,0.05956519055187702
logistic_regression,0.5610510046367851,0.9721627408993576,0.058992278441867475
logistic_regression,0.5610510046367851,0.974304068522484,0.058751518502947304
logistic_regression,0.6360123647604328,0.974304068522484,0.037806208722974737
logistic_regression,0.6360123647604328,0.9764453961456103,0.03767465732267148
logistic_regression,0.642967542503864,0.9764453961456103,0.0362383336642534
logistic_regression,0.642967542503864,0.9785867237687366,0.03607248383623537
logistic_regression,0.6483771251931993,0.9785867237687366,0.03536889456769783
logistic_regression,0.6483771251931993,0.9807280513918629,0.03510297069916142
logistic_regression,0.6615146831530139,0.9807280513918629,0.032876249783997766
logistic_regression,0.6615146831530139,0.9828693790149893,0.03284727838880943
logistic_regression,0.6630602782071098,0.9828693790149893,0.0323874442457296
logistic_regression,0.6630602782071098,0.987152034261242,0.032335038461630126
logistic_regression,0.6854714064914992,0.987152034261242,0.027551760175088542
logistic_regression,0.6854714064914992,0.9892933618843683,0.027251649863859834
logistic_regression,0.7086553323029366,0.9892933618843683,0.024473772312285702
logistic_regression,0.7086553323029366,0.9914346895074947,0.02433458527320633
logistic_regression,0.7256568778979907,0.9914346895074947,0.02235404441083634
logistic_regression,0.7256568778979907,0.9935760171306209,0.022288242397671406
logistic_regression,0.7550231839258115,0.9935760171306209,0.018536102879527207
logistic_regression,0.7550231839258115,0.9957173447537473,0.018420479045341383
logistic_regression,0.776661514683153,0.9957173447537473,0.014781769530576005
logistic_regression,0.776661514683153,0.9978586723768736,0.01460412924458943
logistic_regression,0.7967542503863988,0.9978586723768736,0.013045460738621017
logistic_regression,0.7967542503863988,1.0,0.013007817944205944
logistic_regression,1.0,1.0,0.0002645530186303598
random_forest,0.0,0.0,inf
random_forest,0.0,0.0021413276231263384,0.7859842721003616
random_forest,0.0,0.006423982869379015,0.7761162938288279
random_forest,0.0007727975270479134,0.006423982869379015,0.771325181020582
random_forest,0.0007727975270479134,0.008565310492505354,0.7712316054827063
random_forest,0.00231839258114374,0.008565310492505354,0.7672741827790129
random_forest,0.00231839258114374,0.01284796573875803,0.7672457913395738
random_forest,0.0030911901081916537,0.01284796573875803,0.7672036949346208
random_forest,0.0030911901081916537,0.021413276231263382,0.7650166609754372
random_forest,0.0038639876352395673,0.021413276231263382,0.7646057208708932
random_forest,0.0038639876352395673,0.02569593147751606,0.761905489654437
random_forest,0.00463678516228748,0.02569593147751606,0.7616700671085666
random_forest,0.00463678516228748,0.03640256959314775,0.7604046952766218
random_forest,0.005409582689335394,0.03640256959314775,0.7602171631455222
random_forest,0.005409582689335394,0.04068522483940043,0.7596350080322817
random_forest,0.0061823802163833074,0.04068522483940043,0.7595055269003563
random_forest,0.0061823802163833074,0.057815845824411134,0.757782195810012
random_forest,0.006955177743431221,0.057815845824411134,0.7576343808966607
random_forest,0.006955177743431221,0.06423982869379015,0.7565833454068822
random_forest,0.008500772797527048,0.06423982869379015,0.7559505466645683
random_forest,0.008500772797527048,0.06638115631691649,0.7558075076922272
random_forest,0.010046367851622875,0.06638115631691649,0.7551094686922756
random_forest,0.010046367851622875,0.0728051391862955,0.7535636754341749
random_forest,0.010819165378670788,0.0728051391862955,0.7535628106446234
random_forest,0.010819165378670788,0.07922912205567452,0.7530788791749283
random_forest,0.011591962905718702,0.07922912205567452,0.7529031646235305
random_forest,0.011591962905718702,0.08137044967880086,0.7528850009840028
random_forest,0.012364760432766615,0.08137044967880086,0.7528495531308645
random_forest,0.012364760432766615,0.08565310492505353,0.7523487638877248
random_forest,0.01313755795981453,0.08565310492505353,0.7523115234876291
random_forest,0.01313755795981453,0.1006423982869379,0.7509673689121247
random_forest,0.014683153013910355,0.1006423982869379,0.7506536511578271
random_forest,0.014683153013910355,0.12205567451820129,0.7480494855181524
random_forest,0.01622874806800618,0.12205567451820129,0.7475207450588728
random_forest,0.01622874806800618,0.1284796573875803,0.7468221683288618
random_forest,0.01622874806800618,0.13276231263383298,0.7462423642343211
random_forest,0.01622874806800618,0.13704496788008566,0.7456920375233256
random_forest,0.017001545595054096,0.13704496788008566,0.7452447083772298
random_forest,0.017001545595054096,0.14346895074946467,0.7447907040567588
random_forest,0.01777434312210201,0.14346895074946467,0.7440347816523587
random_forest,0.01777434312210201,0.14775160599571735,0.743079010113145
random_forest,0.019319938176197836,0.14775160599571735,0.7430742263054759
random_forest,0.019319938176197836,0.14989293361884368,0.7427580117333065
random_forest,0.020865533230293665,0.14989293361884368,0.7418098415083871
random_forest,0.020865533230293665,0.16059957173447537,0.7407964833216186
random_forest,0.021638330757341576,0.16059957173447537,0.7406333550385138
random_forest,0.021638330757341576,0.16274089935760172,0.7399024289176894
random_forest,0.023956723338485315,0.16274089935760172,0.7384886169704368
random_forest,0.023956723338485315,0.17558886509635974,0.7368222694275604
random_forest,0.02472952086553323,0.17558886509635974,0.7366235631008111
random_forest,0.02472952086553323,0.18201284796573874,0.735451272316493
random_forest,0.02627511591962906,0.18201284796573874,0.7351817310875326
random_forest,0.02627511591962906,0.2012847965738758,0.7320800458342122
random_forest,0.027820710973724884,0.2012847965738758,0.731785949997572
random_forest,0.027820710973724884,0.20342612419700215,0.730337200962023
random_forest,0.0285935085007728,0.20342612419700215,0.7300419564055558
random_forest,0.0285935085007728,0.20770877944325483,0.7293476012134381
random_forest,0.030139103554868624,0.20770877944325483,0.728642033755656
random_forest,0.030139103554868624,0.20985010706638116,0.7281943935092156
random_forest,0.030911901081916538,0.20985010706638116,0.7281042876471114
random_forest,0.030911901081916538,0.21627408993576017,0.7266567689895242
random_forest,0.03168469860896445,0.21627408993576017,0.7257497344625713
random_forest,0.03168469860896445,0.22483940042826553,0.7246626279872541
random_forest,0.03245749613601236,0.22483940042826553,0.7244538671204522
random_forest,0.03245749613601236,0.2291220556745182,0.7241802308020518
random_forest,0.03323029366306028,0.2291220556745182,0.7235342366382201
random_forest,0.03323029366306028,0.23126338329764454,0.7231829965087246
random_forest,0.03400309119010819,0.23126338329764454,0.722911818846342
random_forest,0.03400309119010819,0.2334047109207709,0.7224728034331896
random_forest,0.0347758887171561,0.2334047109207709,0.7220366925647158
random_forest,0.0347758887171561,0.24197002141327623,0.719334090113014
random_forest,0.03554868624420402,0.24197002141327623,0.719276327257507
random_forest,0.03554868624420402,0.24411134903640258,0.7188057090838901
random_forest,0.03632148377125193,0.24411134903640258,0.7171694696444597
random_forest,0.03632148377125193,0.2462526766595289,0.717154775125433
random_forest,0.03786707882534776,0.2462526766595289,0.7163224691468943
random_forest,0.03786707882534776,0.25267665952890794,0.7152205184731892
random_forest,0.03863987635239567,0.25267665952890794,0.7150800665508729
random_forest,0.03863987635239567,0.25481798715203424,0.7150600773784579
random_forest,0.03941267387944358,0.25481798715203424,0.714552095586984
random_forest,0.03941267387944358,0.25910064239828695,0.7136656320560446
random_forest,0.04173106646058733,0.25910064239828695,0.7121320241485354
random_forest,0.04173106646058733,0.2698072805139186,0.7110457707425323
random_forest,0.04404945904173107,0.2698072805139186,0.7101412873617157
random_forest,0.04404945904173107,0.2762312633832976,0.7080973727267328
random_forest,0.04482225656877898,0.2762312633832976,0.7074585392525335
random_forest,0.04482225656877898,0.28693790149892934,0.7041996653788931
random_forest,0.04559505409582689,0.28693790149892934,0.7035322371523918
random_forest,0.04559505409582689,0.29336188436830835,0.701614627062409
random_forest,0.04636785162287481,0.29336188436830835,0.7015849944185448
random_forest,0.04636785162287481,0.2955032119914347,0.7013509765386041
random_forest,0.04868624420401855,0.2955032119914347,0.70076803756869
random_forest,0.04868624420401855,0.29764453961456105,0.7000526686734824
random_forest,0.04945904173106646,0.29764453961456105,0.6999309730036103
random_forest,0.04945904173106646,0.31263383297644537,0.6985183648257077
random_forest,0.05100463678516229,0.31263383297644537,0.6974553621355711
random_forest,0.05100463678516229,0.3169164882226981,0.6963521435650492
random_forest,0.0517774343122102,0.3169164882226981,0.6950955912089021
random_forest,0.0517774343122102,0.31905781584582443,0.6937155164773188
random_forest,0.05255023183925812,0.31905781584582443,0.6937058127919663
random_forest,0.05255023183925812,0.3404710920770878,0.6895372648155245
random_forest,0.05332302936630603,0.3404710920770878,0.689362129600116
random_forest,0.05332302936630603,0.34475374732334046,0.6886178844477571
random_forest,0.05409582689335394,0.34475374732334046,0.6885123846721969
random_forest,0.05409582689335394,0.35974304068522484,0.6844736470982156
random_forest,0.05564142194744977,0.35974304068522484,0.684200385904634
random_forest,0.05564142194744977,0.36616702355460384,0.683304299858537
random_forest,0.05641421947449768,0.36616702355460384,0.6831841030136856
random_forest,0.05641421947449768,0.3683083511777302,0.6830404091777538
random_forest,0.0571870170015456,0.3683083511777302,0.68250294116787
random_forest,0.0571870170015456,0.37259100642398285,0.6813420267076257
random_forest,0.05795981452859351,0.37259100642398285,0.6812030883896497
random_forest,0.05795981452859351,0.3747323340471092,0.6811371730535329
random_forest,0.05873261205564142,0.3747323340471092,0.6809333653018834
random_forest,0.05873261205564142,0.37687366167023556,0.680751291279793
random_forest,0.059505409582689336,0.37687366167023556,0.680453874125689
random_forest,0.059505409582689336,0.3854389721627409,0.6795996708805044
random_forest,0.0633693972179289,0.3854389721627409,0.6787546727404137
random_forest,0.0633693972179289,0.3897216274089936,0.6780569922646937
random_forest,0.06414219474497682,0.3897216274089936,0.6773554936720665
random_forest,0.06414219474497682,0.4004282655246253,0.6762243018042726
random_forest,0.06568778979907264,0.4004282655246253,0.6753308303218543
random_forest,0.06568778979907264,0.40471092077087795,0.6748401255550907
random_forest,0.06646058732612056,0.40471092077087795,0.6747427750006311
random_forest,0.06646058732612056,0.4132762312633833,0.6732351403266859
random_forest,0.0687789799072643,0.4132762312633833,0.6727430113837913
random_forest,0.0687789799072643,0.41541755888650966,0.6725396607623325
random_forest,0.0695517774343122,0.41541755888650966,0.6724686629300402
random_forest,0.0695517774343122,0.43254817987152033,0.6702541508404738
random_forest,0.07032457496136012,0.43254817987152033,0.6700008892591596
random_forest,0.07032457496136012,0.4346895074946467,0.6699379226989827
random_forest,0.07109737248840804,0.4346895074946467,0.6698416552755228
random_forest,0.07109737248840804,0.44539614561027835,0.6669842167972624
random_forest,0.07187017001545595,0.44539614561027835,0.6665635550374048
random_forest,0.07187017001545595,0.44967880085653106,0.6648548944452896
random_forest,0.07264296754250386,0.44967880085653106,0.6643731532188607
random_forest,0.07264296754250386,0.4539614561027837,0.6638081164112166
random_forest,0.07418856259659969,0.4539614561027837,0.6630582481588857
random_forest,0.07418856259659969,0.45610278372591007,0.6626384283763488
random_forest,0.07650695517774343,0.45610278372591007,0.6620208878878014
random_forest,0.07650695517774343,0.46466809421841543,0.6612106914684478
random_forest,0.07727975270479134,0.46466809421841543,0.6610361969474059
random_forest,0.07727975270479134,0.4689507494646681,0.6594058487249771
random_forest,0.07882534775888717,0.4689507494646681,0.6562770014384576
random_forest,0.07882534775888717,0.4732334047109208,0.6557490049833509
random_forest,0.07959814528593509,0.4732334047109208,0.6553256830818465
random_forest,0.07959814528593509,0.4753747323340471,0.6553072544244568
random_forest,0.08268933539412673,0.4753747323340471,0.6544861310593731
random_forest,0.08268933539412673,0.4796573875802998,0.6541448684029865
random_forest,0.08500772797527048,0.4796573875802998,0.6540105727147398
random_forest,0.08500772797527048,0.49036402569593146,0.6526777443694154
random_forest,0.08578052550231839,0.49036402569593146,0.6523635763585827
random_forest,0.08578052550231839,0.4925053533190578,0.6523533999294244
random_forest,0.0865533230293663,0.4925053533190578,0.6522175583244523
random_forest,0.0865533230293663,0.49464668094218417,0.6520967029322949
random_forest,0.08732612055641421,0.49464668094218417,0.6517073273243434
random_forest,0.08732612055641421,0.49678800856531047,0.6504096339608122
random_forest,0.09041731066460587,0.49678800856531047,0.6485514840707648
random_forest,0.09041731066460587,0.5010706638115632,0.6472206514606113
random_forest,0.09119010819165378,0.5010706638115632,0.6469211753464904
random_forest,0.09119010819165378,0.5074946466809421,0.6464447997276163
random_forest,0.09273570324574962,0.5074946466809421,0.646225217732783
random_forest,0.09273570324574962,0.5117773019271948,0.6454472116146054
random_forest,0.09350850077279753,0.5117773019271948,0.6454369679344982
random_forest,0.09350850077279753,0.5182012847965739,0.6450479735043925
random_forest,0.09582689335394126,0.5182012847965739,0.6437758408891119
random_forest,0.09582689335394126,0.5224839400428265,0.6435831275362297
random_forest,0.09814528593508501,0.5224839400428265,0.6424910321253471
random_forest,0.09814528593508501,0.5267665952890792,0.6420006589410778
random_forest,0.09969088098918083,0.5267665952890792,0.6415853779496729
random_forest,0.09969088098918083,0.5310492505353319,0.6404776456048009
random_forest,0.1035548686244204,0.5310492505353319,0.637073909757728
random_forest,0.1035548686244204,0.5331905781584583,0.6358711195763032
random_forest,0.10510046367851623,0.5331905781584583,0.6356826808460538
random_forest,0.10510046367851623,0.5396145610278372,0.6339915945011948
random_forest,0.10587326120556415,0.5396145610278372,0.6333622394665528
random_forest,0.10587326120556415,0.5417558886509636,0.6323992231206993
random_forest,0.10664605873261206,0.5417558886509636,0.6320990809671684
random_forest,0.10664605873261206,0.5438972162740899,0.6317162263077372
random_forest,0.10741885625965997,0.5438972162740899,0.6309964521195801
random_forest,0.10741885625965997,0.5481798715203426,0.6308475491069134
random_forest,0.11282843894899536,0.5481798715203426,0.6298305810079361
random_forest,0.11282843894899536,0.5524625267665952,0.6293747373911615
random_forest,0.11669242658423493,0.5524625267665952,0.6274829180755144
random_forest,0.11669242658423493,0.5588865096359743,0.6269440060928139
random_forest,0.11823802163833076,0.5588865096359743,0.6256332262995925
random_forest,0.11823802163833076,0.5610278372591007,0.6252761679732534
random_forest,0.1205564142194745,0.5610278372591007,0.6220659314780148
random_forest,0.1205564142194745,0.5674518201284796,0.6211142794697329
random_forest,0.12210200927357033,0.5674518201284796,0.6207349223226053
random_forest,0.12210200927357033,0.5738758029978587,0.6202665590118894
random_forest,0.12287480680061824,0.5738758029978587,0.6200856966132157
random_forest,0.12287480680061824,0.5781584582441114,0.6197921202744345
random_forest,0.12364760432766615,0.5781584582441114,0.6196480532424306
random_forest,0.12364760432766615,0.5845824411134903,0.6174294059179624
random_forest,0.125193199381762,0.5845824411134903,0.617112997188803
random_forest,0.125193199381762,0.5910064239828694,0.616598954535924
random_forest,0.12596599690880989,0.5910064239828694,0.6165559791305422
random_forest,0.12596599690880989,0.5952890792291221,0.6163138846141352
random_forest,0.1267387944358578,0.5952890792291221,0.6157432396341801
random_forest,0.1267387944358578,0.5995717344753747,0.615563354022922
random_forest,0.1275115919629057,0.5995717344753747,0.6153114649235571
random_forest,0.1275115919629057,0.6059957173447538,0.614481347087348
random_forest,0.13060278207109738,0.6059957173447538,0.6128325346746067
random_forest,0.13060278207109738,0.6081370449678801,0.6125008615505184
random_forest,0.13137557959814528,0.6081370449678801,0.6122599491806447
random_forest,0.13137557959814528,0.6124197002141327,0.6115087965776083
random_forest,0.13987635239567234,0.6124197002141327,0.608879762668031
random_forest,0.13987635239567234,0.6145610278372591,0.6078307478023638
random_forest,0.14064914992272023,0.6145610278372591,0.6073046132188613
random_forest,0.14064914992272023,0.6167023554603854,0.6070035416835637
random_forest,0.14296754250386398,0.6167023554603854,0.6058990884870253
random_forest,0.14296754250386398,0.6188436830835118,0.6058959740308353
random_forest,0.1437403400309119,0.6188436830835118,0.6053985540415314
random_forest,0.1437403400309119,0.6231263383297645,0.604155428038099
random_forest,0.1445131375579598,0.6231263383297645,0.6041479013157702
random_forest,0.1445131375579598,0.6252676659528907,0.6034500763254108
random_forest,0.14528593508500773,0.6252676659528907,0.6025106563182498
random_forest,0.14528593508500773,0.6274089935760171,0.6023383059649299
random_forest,0.14837712519319937,0.6274089935760171,0.6011346019127002
random_forest,0.14837712519319937,0.6295503211991434,0.5997548412772401
random_forest,0.15146831530139104,0.6295503211991434,0.5975952135826202
random_forest,0.15146831530139104,0.6316916488222698,0.5971938969390548
random_forest,0.15224111282843894,0.6316916488222698,0.5968925671917554
random_forest,0.15224111282843894,0.6359743040685225,0.5956170494236411
random_forest,0.15378670788253476,0.6359743040685225,0.5952254820787829
random_forest,0.15378670788253476,0.6423982869379015,0.5943784199667048
random_forest,0.1545595054095827,0.6423982869379015,0.5942487054794008
random_forest,0.1545595054095827,0.6509635974304069,0.5933251228654416
random_forest,0.1553323029366306,0.6509635974304069,0.592741108535727
random_forest,0.1553323029366306,0.6616702355460385,0.5914756479542558
random_forest,0.1561051004636785,0.6616702355460385,0.5912753544720626
random_forest,0.1561051004636785,0.6638115631691649,0.5910238812121259
random_forest,0.15687789799072643,0.6638115631691649,0.5905405515120628
random_forest,0.15687789799072643,0.6659528907922913,0.5902024090429817
random_forest,0.15765069551777433,0.6659528907922913,0.5898840629195811
random_forest,0.15765069551777433,0.6680942184154176,0.5896107621820407
random_forest,0.15919629057187018,0.6680942184154176,0.5891380739765504
random_forest,0.15919629057187018,0.6723768736616702,0.588863872078418
random_forest,0.15996908809891808,0.6723768736616702,0.5883356897637687
random_forest,0.15996908809891808,0.6788008565310493,0.5854059987480446
random_forest,0.160741885625966,0.6788008565310493,0.585096264987464
random_forest,0.160741885625966,0.6809421841541756,0.5846330469381966
random_forest,0.16306027820710975,0.6809421841541756,0.5832400224375498
random_forest,0.16306027820710975,0.683083511777302,0.5828035794852405
random_forest,0.16383307573415765,0.683083511777302,0.582414625864677
random_forest,0.16383307573415765,0.6852248394004282,0.5823305666009392
random_forest,0.16460587326120557,0.6852248394004282,0.5813495979100101
random_forest,0.16460587326120557,0.6873661670235546,0.5813258772384686
random_forest,0.16769706336939721,0.6873661670235546,0.5800285646597946
random_forest,0.16769706336939721,0.6895074946466809,0.5795331162696302
random_forest,0.17156105100463678,0.6895074946466809,0.5782807806784057
random_forest,0.17156105100463678,0.6916488222698073,0.5782246985274219
random_forest,0.1723338485316847,0.6916488222698073,0.5781377980854303
random_forest,0.1723338485316847,0.6937901498929336,0.5778502269486473
random_forest,0.1731066460587326,0.6937901498929336,0.5771999434552023
random_forest,0.1731066460587326,0.69593147751606,0.5766307215564628
random_forest,0.17697063369397217,0.69593147751606,0.5751482775352973
random_forest,0.17697063369397217,0.6980728051391863,0.5749670215207643
random_forest,0.1831530139103555,0.6980728051391863,0.571193388353576
random_forest,0.1831530139103555,0.7002141327623126,0.5711289295696244
random_forest,0.1846986089644513,0.7002141327623126,0.570612930573724
random_forest,0.1846986089644513,0.702355460385439,0.5687141098545002
random_forest,0.18624420401854713,0.702355460385439,0.567489064759521
random_forest,0.18624420401854713,0.7044967880085653,0.5672648922858649
random_forest,0.18856259659969088,0.7044967880085653,0.5660584681239089
random_forest,0.18856259659969088,0.7066381156316917,0.5658449787434114
random_forest,0.1901081916537867,0.7066381156316917,0.565233934517356
random_forest,0.1901081916537867,0.715203426124197,0.5643792147432269
random_forest,0.19242658423493045,0.715203426124197,0.562181903795443
random_forest,0.19242658423493045,0.7173447537473233,0.5617733122237966
random_forest,0.19397217928902627,0.7173447537473233,0.5594081773629411
random_forest,0.19397217928902627,0.7194860813704497,0.5581149231895438
random_forest,0.19860896445131376,0.7194860813704497,0.5547188827336919
random_forest,0.19860896445131376,0.721627408993576,0.5545241125140774
random_forest,0.20401854714064915,0.721627408993576,0.5524633401178144
random_forest,0.20401854714064915,0.7237687366167024,0.5513728749639114
random_forest,0.20556414219474498,0.7237687366167024,0.5502819183286612
random_forest,0.20556414219474498,0.7259100642398287,0.5502605231381381
random_forest,0.2071097372488408,0.7259100642398287,0.5501633504466227
random_forest,0.2071097372488408,0.7301927194860813,0.5485312250576011
random_forest,0.2117465224111283,0.7301927194860813,0.5466965525354411
random_forest,0.2117465224111283,0.7323340471092077,0.5463837599215345
random_forest,0.2125193199381762,0.7323340471092077,0.5455881378458871
random_forest,0.2125193199381762,0.734475374732334,0.5437171208992393
random_forest,0.21638330757341576,0.734475374732334,0.540567299739095
random_forest,0.21638330757341576,0.7366167023554604,0.5399991943372396
random_forest,0.21792890262751158,0.7366167023554604,0.5387807369749136
random_forest,0.21792890262751158,0.7387580299785867,0.5384007014904293
random_forest,0.22642967542503864,0.7387580299785867,0.5327452835833811
random_forest,0.22642967542503864,0.7451820128479657,0.5291097939112349
random_forest,0.22720247295208656,0.7451820128479657,0.5279121715119984
random_forest,0.22720247295208656,0.7473233404710921,0.5274199221092905
random_forest,0.23261205564142196,0.7473233404710921,0.5235217143030866
random_forest,0.23261205564142196,0.7516059957173448,0.5233572188118213
random_forest,0.23338485316846985,0.7516059957173448,0.5233532935514101
random_forest,0.23338485316846985,0.7537473233404711,0.5231412676868059
random_forest,0.23493044822256567,0.7537473233404711,0.5208100102792116
random_forest,0.23493044822256567,0.7558886509635975,0.5206878006896993
random_forest,0.23724884080370942,0.7558886509635975,0.5201845329357352
random_forest,0.23724884080370942,0.7580299785867237,0.5183710524232753
random_forest,0.23802163833075735,0.7580299785867237,0.5181121404482311
random_forest,0.23802163833075735,0.7601713062098501,0.5179022213505091
random_forest,0.2426584234930448,0.7601713062098501,0.5151363441997219
random_forest,0.2426584234930448,0.7623126338329764,0.5149422573236496
random_forest,0.2511591962905719,0.7623126338329764,0.512607173666427
random_forest,0.2511591962905719,0.7665952890792291,0.5108029582578407
random_forest,0.25656877897990726,0.7665952890792291,0.5094937345008573
random_forest,0.25656877897990726,0.7687366167023555,0.5089802586449451
random_forest,0.26275115919629055,0.7687366167023555,0.5064794469228949
random_forest,0.26275115919629055,0.7730192719486081,0.5061312749381228
random_forest,0.26584234930448225,0.7730192719486081,0.5042085278454299
random_forest,0.26584234930448225,0.7751605995717344,0.503919334836326
random_forest,0.26661514683153015,0.7751605995717344,0.503489821728693
random_forest,0.26661514683153015,0.7773019271948608,0.5033794609218235
random_forest,0.26738794435857804,0.7773019271948608,0.5028253394723677
random_forest,0.26738794435857804,0.7880085653104925,0.5002276634512954
random_forest,0.26816074188562594,0.7880085653104925,0.5000114582922501
random_forest,0.26816074188562594,0.7901498929336188,0.5000108343277858
random_forest,0.2689335394126739,0.7901498929336188,0.49954864352002865
random_forest,0.2689335394126739,0.7922912205567452,0.49948659392294553
random_forest,0.2743431221020093,0.7922912205567452,0.49734466755056095
random_forest,0.2743431221020093,0.7944325481798715,0.4971211652662074
random_forest,0.2751159196290572,0.7944325481798715,0.4970647752209319
random_forest,0.2751159196290572,0.7965738758029979,0.49607134655747515
random_forest,0.2789799072642968,0.7965738758029979,0.49468720399234195
random_forest,0.2789799072642968,0.7987152034261242,0.49424185147321525
random_forest,0.2797527047913447,0.7987152034261242,0.4940672529670121
random_forest,0.2797527047913447,0.8008565310492506,0.49357477899049657
random_forest,0.28438948995363217,0.8008565310492506,0.48845508344069827
random_forest,0.28438948995363217,0.8029978586723768,0.4884308003538736
random_forest,0.28593508500772796,0.8029978586723768,0.4874112557428238
random_forest,0.28593508500772796,0.8072805139186295,0.4855138623281839
random_forest,0.2874806800618238,0.8072805139186295,0.48525512017283345
random_forest,0.2874806800618238,0.8137044967880086,0.4836614508931276
random_forest,0.2936630602782071,0.8137044967880086,0.480528014687833
random_forest,0.2936630602782071,0.815845824411135,0.4804972088930692
random_forest,0.29675425038639874,0.815845824411135,0.47719880138322973
random_forest,0.29675425038639874,0.8179871520342612,0.47587710718317966
random_forest,0.2975270479134467,0.8179871520342612,0.4758152431646729
random_forest,0.2975270479134467,0.8244111349036403,0.4750549216755082
random_forest,0.2990726429675425,0.8244111349036403,0.4747836121009725
random_forest,0.2990726429675425,0.8265524625267666,0.4746277071352661
random_forest,0.29984544049459044,0.8265524625267666,0.473716011887965
random_forest,0.29984544049459044,0.828693790149893,0.47293001934963924
random_forest,0.30216383307573413,0.828693790149893,0.4725282581992293
random_forest,0.30216383307573413,0.8308351177730193,0.47127301413695527
random_forest,0.3083462132921175,0.8308351177730193,0.46818518407088633
random_forest,0.3083462132921175,0.8351177730192719,0.4672229612092151
random_forest,0.3114374034003091,0.8351177730192719,0.4616290196289235
random_forest,0.3114374034003091,0.8372591006423983,0.46073628133392575
random_forest,0.31298299845440497,0.8372591006423983,0.4606720584575262
random_forest,0.31298299845440497,0.8394004282655246,0.4600613642935113
random_forest,0.3176197836166924,0.8394004282655246,0.4579918124992384
random_forest,0.3176197836166924,0.841541755888651,0.45736709385700164
random_forest,0.31839258114374036,0.841541755888651,0.4571184189011143
random_forest,0.31839258114374036,0.8436830835117773,0.45710439442852097
random_forest,0.3207109737248841,0.8436830835117773,0.454792593787716
random_forest,0.3207109737248841,0.8458244111349036,0.4547481606418483
random_forest,0.32457496136012365,0.8458244111349036,0.4531673951245214
random_forest,0.32457496136012365,0.8479657387580299,0.4524897548398464
random_forest,0.3284389489953632,0.8479657387580299,0.44956386385874525
random_forest,0.3284389489953632,0.8501070663811563,0.44936486266668957
random_forest,0.32998454404945904,0.8501070663811563,0.44873094748031306
random_forest,0.32998454404945904,0.8522483940042827,0.4486074440339103
random_forest,0.3315301391035549,0.8522483940042827,0.44836377226425883
random_forest,0.3315301391035549,0.854389721627409,0.44802170877151
random_forest,0.33384853168469864,0.854389721627409,0.44615581870076026
random_forest,0.33384853168469864,0.8565310492505354,0.4460463382608373
random_forest,0.3369397217928903,0.8565310492505354,0.44519680054665206
random_forest,0.3369397217928903,0.8586723768736617,0.4445715053512548
random_forest,0.35239567233384855,0.8586723768736617,0.4408207411665521
random_forest,0.35239567233384855,0.860813704496788,0.44027729110640484
random_forest,0.36476043276661513,0.860813704496788,0.433726395988685
random_forest,0.36476043276661513,0.8629550321199143,0.4336493700146464
random_forest,0.3655332302936631,0.8629550321199143,0.4329422227193495
random_forest,0.3655332302936631,0.8650963597430407,0.4321560428549622
random_forest,0.3732612055641422,0.8650963597430407,0.4268236466254218
random_forest,0.3732612055641422,0.867237687366167,0.4258004656279648
random_forest,0.38253477588871715,0.867237687366167,0.4207533450837954
random_forest,0.38253477588871715,0.8693790149892934,0.4183450092028174
random_forest,0.39180834621329214,0.8693790149892934,0.4115009236971575
random_forest,0.39180834621329214,0.8715203426124197,0.41135561640847307
random_forest,0.39335394126738793,0.8715203426124197,0.4108819230891468
random_forest,0.39335394126738793,0.8736616702355461,0.41050448397909334
random_forest,0.3941267387944359,0.8736616702355461,0.41046508958491223
random_forest,0.3941267387944359,0.8758029978586723,0.41018256032832867
random_forest,0.3964451313755796,0.8758029978586723,0.40716147451652673
random_forest,0.3964451313755796,0.8779443254817987,0.40689134919829656
random_forest,0.40030911901081917,0.8779443254817987,0.4036161517857279
random_forest,0.40030911901081917,0.880085653104925,0.4033541218703918
random_forest,0.40108191653786707,0.880085653104925,0.4031826415143878
random_forest,0.40108191653786707,0.8822269807280514,0.4031433551664994
random_forest,0.401854714064915,0.8822269807280514,0.40186899321208897
random_forest,0.401854714064915,0.8843683083511777,0.40154161246777853
random_forest,0.4080370942812983,0.8843683083511777,0.3967500916636258
random_forest,0.4080370942812983,0.8865096359743041,0.3964074426875869
random_forest,0.41576506955177744,0.8865096359743041,0.3934966461472498
random_forest,0.41576506955177744,0.8886509635974305,0.39321878608926025
random_forest,0.4188562596599691,0.8886509635974305,0.39162450799674986
random_forest,0.4188562596599691,0.8907922912205567,0.39161480028640727
random_forest,0.4327666151468315,0.8907922912205567,0.3873214381272562
random_forest,0.4327666151468315,0.8950749464668094,0.38679219938708265
random_forest,0.43431221020092736,0.8950749464668094,0.3865203759968147
random_forest,0.43431221020092736,0.8972162740899358,0.3864955848876167
random_forest,0.43894899536321486,0.8972162740899358,0.3834247455095253
random_forest,0.43894899536321486,0.8993576017130621,0.3826508270969575
random_forest,0.4435857805255023,0.8993576017130621,0.3805233834845744
random_forest,0.4435857805255023,0.9014989293361885,0.38047395762938463
random_forest,0.4659969088098918,0.9014989293361885,0.3672389795223174
random_forest,0.4659969088098918,0.9036402569593148,0.3671943462342363
random_forest,0.4768160741885626,0.9036402569593148,0.3617402546105097
random_forest,0.4768160741885626,0.9057815845824411,0.3614248899703096
random_forest,0.4775888717156105,0.9057815845824411,0.36112450045375977
random_forest,0.4775888717156105,0.9079229122055674,0.3610453787035336
random_forest,0.4806800618238022,0.9079229122055674,0.35958626225670975
random_forest,0.4806800618238022,0.9100642398286938,0.35943330029436515
random_forest,0.482225656877898,0.9100642398286938,0.35818848050923974
random_forest,0.482225656877898,0.9122055674518201,0.35807641618360847
random_forest,0.4891808346213292,0.9122055674518201,0.3552708381536355
random_forest,0.4891808346213292,0.9186295503211992,0.35428143777369636
random_forest,0.49304482225656876,0.9186295503211992,0.35253965225554024
random_forest,0.49304482225656876,0.9207708779443254,0.35197442622353153
random_forest,0.5061823802163833,0.9207708779443254,0.34755425498949694
random_forest,0.5061823802163833,0.9229122055674518,0.34708689612182075
random_forest,0.5069551777434312,0.9229122055674518,0.34691961643458247
random_forest,0.508500772797527,0.9250535331905781,0.3467436959057156
random_forest,0.508500772797527,0.9293361884368309,0.34623762337492614
random_forest,0.509273570324575,0.9293361884368309,0.34613741627756817
random_forest,0.509273570324575,0.9314775160599572,0.3460719605963499
random_forest,0.5162287480680062,0.9314775160599572,0.342705463163672
random_forest,0.5162287480680062,0.9357601713062098,0.3422480044742038
random_forest,0.5170015455950541,0.9357601713062098,0.34223838907972637
random_forest,0.5170015455950541,0.9379014989293362,0.3416903397517032
random_forest,0.527047913446677,0.9379014989293362,0.33834134195647103
random_forest,0.527047913446677,0.9443254817987152,0.33783497968427695
random_forest,0.5316846986089645,0.9443254817987152,0.3353960100410094
random_forest,0.5316846986089645,0.9464668094218416,0.33532267098320756
random_forest,0.5386398763523956,0.9464668094218416,0.33315479391717817
random_forest,0.5386398763523956,0.9486081370449678,0.3330268095225684
random_forest,0.5486862442040186,0.9486081370449678,0.328835318373216
random_forest,0.5486862442040186,0.9528907922912205,0.32851880064147815
random_forest,0.5540958268933539,0.9528907922912205,0.32616022007902606
random_forest,0.5540958268933539,0.9550321199143469,0.32577771288050583
random_forest,0.5595054095826894,0.9550321199143469,0.323133529025563
random_forest,0.5595054095826894,0.961456102783726,0.3218196217827222
random_forest,0.5780525502318392,0.961456102783726,0.31264208361517903
random_forest,0.5788253477588872,0.9635974304068522,0.31222645859818904
random_forest,0.5842349304482226,0.9635974304068522,0.3103436301952635
random_forest,0.5842349304482226,0.9657387580299786,0.31009055006148695
random_forest,0.5973724884080371,0.9657387580299786,0.3057093134518189
random_forest,0.5973724884080371,0.9678800856531049,0.3056153340434215
random_forest,0.6020092735703245,0.9678800856531049,0.30300907218960577
random_forest,0.6020092735703245,0.9700214132762313,0.30277478103154803
random_forest,0.6027820710973725,0.9700214132762313,0.3026614813969957
random_forest,0.6035548686244204,0.9721627408993576,0.30143369141886994
random_forest,0.615919629057187,0.9721627408993576,0.2924618190389869
random_forest,0.615919629057187,0.974304068522484,0.2917605203668059
random_forest,0.6174652241112828,0.974304068522484,0.2912300305936784
random_forest,0.6174652241112828,0.9764453961456103,0.29113058961865673
random_forest,0.6282843894899537,0.9764453961456103,0.2871054905318367
random_forest,0.6298299845440495,0.9764453961456103,0.2867933901489763
random_forest,0.6506955177743431,0.9764453961456103,0.27809805311598845
random_forest,0.6506955177743431,0.9785867237687366,0.2780919468205448
random_forest,0.678516228748068,0.9785867237687366,0.2647336340886385
random_forest,0.678516228748068,0.9807280513918629,0.2643808313233338
random_forest,0.6931993817619784,0.9807280513918629,0.2587267254525017
random_forest,0.6931993817619784,0.9850107066381156,0.258261730926463
random_forest,0.6978361669242659,0.9850107066381156,0.25475578184006903
random_forest,0.6978361669242659,0.987152034261242,0.25434372896853225
random_forest,0.7001545595054096,0.987152034261242,0.25269197708998603
random_forest,0.7001545595054096,0.9914346895074947,0.25251736079206105
random_forest,0.7295208655332303,0.9914346895074947,0.24006895714780943
random_forest,0.7295208655332303,0.9935760171306209,0.2388815867701164
random_forest,0.7511591962905718,0.9935760171306209,0.2318909908066737
random_forest,0.7511591962905718,0.9957173447537473,0.23185271113113134
random_forest,0.7720247295208655,0.9957173447537473,0.2237955201795109
random_forest,0.7720247295208655,0.9978586723768736,0.22363054012094366
random_forest,0.8029366306027821,0.9978586723768736,0.2100959048363665
random_forest,0.8029366306027821,1.0,0.20943683297735585
random_forest,1.0,1.0,0.10014416406889227
